recipient_in_power,total_donations,total_amount,avg_amount
FALSE,991,121192459.78,122293.09765893038
TRUE,843,55341537.98,65648.3250059312
