recipient_in_power,total_donations,total_amount,avg_amount
0,1976,165897652.84,83956.30204453442
1,1657,114763989.29,69260.10216656608
