recipient_in_power,total_donations,total_amount,avg_amount
FALSE,1925,24797930.11,12882.041615584416
TRUE,518,2356586.12,4549.394054054054
