recipient_in_power,total_donations,total_amount,avg_amount
0,2959,33770999.48,11412.97718148023
1,2402,20351423.45,8472.699188176519
