recipient_in_power,total_donations,total_amount,avg_amount
FALSE,1422,19860825.11,13966.824971870605
TRUE,1021,7293691.12,7143.673966699314
